2026-09-03T19:16:23.931Z,battle-gen9championsvgc2026regmb-2675131964,technoteapot,1070,0,Oranguru+Avalugg+Camerupt+Torkoal,Farigiraf+Milotic+Sinistcha+Kingambit+Drampa+Azumarill
2026-09-03T19:20:04.996Z,battle-gen9championsvgc2026regmb-2675136070,Guest 515556,1000,0,Oranguru+Avalugg+Camerupt+Torkoal,
2026-09-03T19:30:46.882Z,winkado,battle-gen9championsvgc2026regmb-2675142030,apagun,1037,1,Oranguru+Avalugg+Camerupt+Torkoal,Pangoro+Mr. Rime+Wyrdeer+Empoleon+Infernape+Roserade
2026-09-03T19:34:35.505Z,winkado,battle-gen9championsvgc2026regmb-2675142013-6saxprdiu0492ln5vw9acnx9lc9anpkpw,fghfdhdfghdf,1046,0,Oranguru+Avalugg+Camerupt+Torkoal,Houndoom+Torkoal+Venusaur+Annihilape+Aerodactyl+Garchomp
2026-09-03T19:37:14.223Z,winkado,battle-gen9championsvgc2026regmb-2675142002,Arcolulz,1112,0,Oranguru+Avalugg+Camerupt+Torkoal,Scizor+Tyranitar+Slowbro+Ampharos+Excadrill+Torkoal
2026-09-03T19:39:53.634Z,winkado,battle-gen9championsvgc2026regmb-2675143087-767ab44x84633vbra86do8e76rhake7pw,opaoba,1096,0,Oranguru+Avalugg+Camerupt+Torkoal,Garchomp+Raichu+Gholdengo+Staraptor+Toxapex+Blaziken
2026-09-03T19:46:35.501Z,winkado,battle-gen9championsvgc2026regmb-2675149922,daedra24,1000,0,Oranguru+Avalugg+Camerupt+Torkoal,Aromatisse+Blastoise+Slowbro+Kingambit+Sinistcha-Masterpiece+Overqwil
2026-09-03T19:47:59.336Z,winkado,battle-gen9championsvgc2026regmb-2675149891,mamvaza,1097,1,Oranguru+Avalugg+Camerupt+Torkoal,Froslass+Weavile+Avalugg+Mamoswine+Ninetales-Alola+Beartic
2026-09-03T19:48:17.734Z,winkado,battle-gen9championsvgc2026regmb-2675149844,usisjw,1000,0,Oranguru+Avalugg+Camerupt+Torkoal,Excadrill+Tyranitar+Garchomp+Charizard+Staraptor+Venusaur
2026-09-03T19:50:51.176Z,winkado,battle-gen9championsvgc2026regmb-2675151759,heroofbacum,1118,1,Oranguru+Avalugg+Camerupt+Torkoal,Manectric+Rotom-Wash+Weavile+Tauros-Paldea-Blaze+Sceptile+Corviknight
2026-09-03T19:50:56.046Z,winkado,battle-gen9championsvgc2026regmb-2675150938,eusoufoda12,1099,1,Oranguru+Avalugg+Camerupt+Torkoal,Raichu+Jolteon+Morpeko+Bellibolt+Luxray+Heliolisk
2026-09-03T19:51:10.912Z,winkado,battle-gen9championsvgc2026regmb-2675151635,McFunky,1116,0,Oranguru+Sinistcha+Camerupt+Torkoal,Hatterene+Golurk+Incineroar+Farigiraf+Blastoise+Sinistcha
2026-09-03T19:51:55.907Z,winkado,battle-gen9championsvgc2026regmb-2675153044,iluminador,1057,0,Oranguru+Sinistcha+Camerupt+Torkoal,Venusaur+Hippowdon+Sinistcha-Masterpiece+Incineroar+Gallade+Sableye
2026-09-03T19:52:23.407Z,winkado,battle-gen9championsvgc2026regmb-2675153067,PrithviDSheela,1091,0,Oranguru+Sinistcha+Camerupt+Torkoal,Oranguru+Clefable+Sinistcha-Masterpiece+Swampert+Sneasler+Ceruledge
2026-09-03T19:52:36.765Z,winkado,battle-gen9championsvgc2026regmb-2675153770,HospitalityCheck,1040,1,Oranguru+Sinistcha+Camerupt+Torkoal,Metagross+Incineroar+Sinistcha+Whimsicott+Garchomp+Kingambit
2026-09-03T19:54:35.124Z,winkado,battle-gen9championsvgc2026regmb-2675153540,nyxthe,1071,1,Oranguru+Sinistcha+Camerupt+Torkoal,Staraptor+Whimsicott+Incineroar+Sylveon+Ninetales-Alola+Basculegion
2026-09-03T19:54:45.498Z,winkado,battle-gen9championsvgc2026regmb-2675153892,Nanajahsgs,1000,0,Oranguru+Sinistcha+Camerupt+Torkoal,Charizard+Venusaur+Milotic+Sneasler+Altaria+Wyrdeer
2026-09-03T19:54:54.031Z,winkado,battle-gen9championsvgc2026regmb-2675153198,carliex,1182,0,Oranguru+Avalugg+Camerupt+Torkoal,Garchomp+Charizard+Basculegion+Whimsicott+Scizor+Aerodactyl
2026-09-03T19:57:39.392Z,winkado,battle-gen9championsvgc2026regmb-2675155629,mkikmjoin88,1076,0,Oranguru+Sinistcha+Camerupt+Torkoal,Dragonite+Basculegion+Garchomp+Sneasler+Kingambit+Floette-Eternal
2026-09-03T19:58:06.664Z,winkado,battle-gen9championsvgc2026regmb-2675155667,WallyKaju,1026,1,Oranguru+Sinistcha+Camerupt+Torkoal,Kangaskhan+Whimsicott+Chandelure+Lopunny+Meowscarada+Maushold
2026-09-03T19:59:06.014Z,winkado,battle-gen9championsvgc2026regmb-2675155649-rxjkw6f40t77t4urrdh5cw3sb3gu8g8pw,splat24,1074,0,Oranguru+Avalugg+Camerupt+Torkoal,Charizard+Venusaur+Heliolisk+Manectric+Garchomp+Kingambit
2026-09-03T20:00:31.427Z,winkado,battle-gen9championsvgc2026regmb-2675156300,quaxlywasruined,1076,0,Oranguru+Sinistcha+Camerupt+Torkoal,Dragonite+Ninetales-Alola+Sneasler+Swampert+Gengar+Incineroar
2026-09-03T20:01:21.843Z,winkado,battle-gen9championsvgc2026regmb-2675156986,itztommy6,1014,1,Oranguru+Avalugg+Camerupt+Torkoal,Sceptile+Swampert+Milotic+Pelipper+Rotom-Heat+Tyranitar
2026-09-03T20:01:51.607Z,winkado,battle-gen9championsvgc2026regmb-2675156509-63owqb5bdau5fxsbwsv38a315qb3iuupw,jhjujfjvfb,1000,0,Oranguru+Avalugg+Camerupt+Torkoal,Charizard+Kingambit+Glimmora+Delphox+Ditto+Pikachu
2026-09-03T20:02:24.817Z,winkado,battle-gen9championsvgc2026regmb-2675158349,supergrokmax999,1062,1,Oranguru+Avalugg+Camerupt+Torkoal,Milotic+Staraptor+Excadrill+Gholdengo+Sinistcha+Tyranitar
2026-09-03T20:04:22.389Z,winkado,battle-gen9championsvgc2026regmb-2675158607,imjustjoeking87,1000,1,Oranguru+Avalugg+Camerupt+Torkoal,Bastiodon+Mawile+Reuniclus+Scizor+Heliolisk+Kommo-o
2026-09-03T20:04:37.539Z,winkado,battle-gen9championsvgc2026regmb-2675158115,zanfler1,1066,0,Oranguru+Sinistcha+Camerupt+Torkoal,Golurk+Farigiraf+Delphox+Sneasler+Whimsicott+Milotic
2026-09-03T20:06:26.818Z,winkado,battle-gen9championsvgc2026regmb-2675157680,axelcyc,1000,0,Oranguru+Avalugg+Camerupt+Torkoal,Charizard+Basculegion+Dragapult+Farigiraf+Sylveon+Venusaur
2026-09-03T20:07:40.523Z,winkado,battle-gen9championsvgc2026regmb-2675159679,Smizzo,1067,1,Oranguru+Avalugg+Camerupt+Torkoal,Polteageist+Heliolisk+Altaria+Salazzle+Pelipper+Farigiraf
2026-09-03T20:08:22.577Z,winkado,battle-gen9championsvgc2026regmb-2675159539,mamvaza,1088,1,Oranguru+Avalugg+Camerupt+Torkoal,Froslass+Weavile+Avalugg+Mamoswine+Ninetales-Alola+Beartic
2026-09-03T20:11:01.841Z,winkado,battle-gen9championsvgc2026regmb-2675160613,hgfhjkl,1061,1,Oranguru+Avalugg+Camerupt+Torkoal,Gholdengo+Hydreigon+Talonflame+Mimikyu+Tyranitar+Goodra-Hisui
2026-09-03T20:11:39.510Z,winkado,battle-gen9championsvgc2026regmb-2675161568,cojuridico,1204,0,Oranguru+Avalugg+Camerupt+Torkoal,Delphox+Weavile+Ninetales-Alola+Basculegion+Farigiraf+Gallade
2026-09-03T20:12:12.479Z,winkado,battle-gen9championsvgc2026regmb-2675161206,Mr. Lucky13,1146,0,Oranguru+Avalugg+Camerupt+Torkoal,Sceptile+Corviknight+Whimsicott+Garchomp+Jolteon+Basculegion
2026-09-03T20:13:00.636Z,winkado,battle-gen9championsvgc2026regmb-2675162830,Charuzu_0,1153,1,Oranguru+Avalugg+Camerupt+Torkoal,Raichu+Ninetales-Alola+Beartic+Sinistcha+Aerodactyl+Delphox
2026-09-03T20:13:24.071Z,winkado,battle-gen9championsvgc2026regmb-2675163127,gabimarufanclub,1124,0,Oranguru+Avalugg+Camerupt+Torkoal,Dragapult+Swampert+Pelipper+Tsareena+Kingambit+Sylveon
2026-09-03T20:14:31.878Z,winkado,battle-gen9championsvgc2026regmb-2675163406,ARTHURDOCE,1149,1,Oranguru+Sinistcha+Camerupt+Torkoal,Feraligatr+Sneasler+Blaziken+Ninetales-Alola+Clefable+Kingambit
2026-09-03T20:15:15.687Z,winkado,battle-gen9championsvgc2026regmb-2675164002,ArchangelJuicy,1086,0,Oranguru+Avalugg+Camerupt+Torkoal,Stunfisk+Gyarados+Sinistcha-Masterpiece+Farigiraf+Ninetales-Alola+Gardevoir
2026-09-03T20:17:01.874Z,winkado,battle-gen9championsvgc2026regmb-2675164537,quaxlywasruined,1208,0,Oranguru+Sinistcha+Camerupt+Torkoal,Dragonite+Ninetales-Alola+Sneasler+Swampert+Gengar+Incineroar
2026-09-03T20:17:02.297Z,winkado,battle-gen9championsvgc2026regmb-2675163801,miwabeast,1209,0,Oranguru+Sinistcha+Camerupt+Torkoal,Toxapex+Hippowdon+Weavile+Tyranitar+Sableye+Farigiraf
2026-09-03T20:17:34.261Z,winkado,battle-gen9championsvgc2026regmb-2675164874,overlord777,1002,1,Oranguru+Avalugg+Camerupt+Torkoal,Raichu+Maushold+Tsareena+Volcarona+Espathra+Kommo-o
2026-09-03T20:20:33.737Z,winkado,battle-gen9championsvgc2026regmb-2675165746,Ekfk,1000,0,Oranguru+Sinistcha+Camerupt+Torkoal,Incineroar+Gengar+Politoed+Staraptor+Archaludon+Whimsicott
2026-09-03T20:20:38.863Z,winkado,battle-gen9championsvgc2026regmb-2675165728,Montevius,1163,0,Oranguru+Avalugg+Camerupt+Torkoal,Feraligatr+Sinistcha+Talonflame+Mamoswine+Rotom-Heat+Lucario
2026-09-03T20:22:22.403Z,winkado,battle-gen9championsvgc2026regmb-2675166046,gstarany,1072,1,Oranguru+Sinistcha+Camerupt+Torkoal,Medicham+Whimsicott+Incineroar+Kingambit+Farigiraf+Garchomp
2026-09-03T20:22:26.097Z,winkado,battle-gen9championsvgc2026regmb-2675167444,SilverDE,1139,1,Oranguru+Avalugg+Camerupt+Torkoal,Metagross+Whimsicott+Kommo-o+Kingambit+Kleavor+Annihilape
2026-09-03T20:23:11.266Z,winkado,battle-gen9championsvgc2026regmb-2675168294,mv2.p,1175,1,Oranguru+Sinistcha+Camerupt+Torkoal,Torkoal+Farigiraf+Camerupt+Oranguru+Drampa+Incineroar
2026-09-03T20:24:26.299Z,winkado,battle-gen9championsvgc2026regmb-2675167382,Janecklyn,1031,1,Oranguru+Avalugg+Camerupt+Torkoal,Farigiraf+Tyranitar+Armarouge+Scizor+Swampert+Sylveon
2026-09-03T20:25:02.595Z,winkado,battle-gen9championsvgc2026regmb-2675168258,DJ-MIL,1156,0,Oranguru+Sinistcha+Camerupt+Torkoal,Scovillain+Basculegion+Kingambit+Sneasler+Lycanroc-Dusk+Froslass
2026-09-03T20:25:27.166Z,winkado,battle-gen9championsvgc2026regmb-2675168652,SwaggySwablu,1115,0,Oranguru+Avalugg+Camerupt+Torkoal,Blaziken+Primarina+Torkoal+Kingambit+Venusaur+Farigiraf
2026-09-03T20:26:27.453Z,winkado,battle-gen9championsvgc2026regmb-2675169502,ragglefraggle42,1229,1,Oranguru+Sinistcha+Camerupt+Torkoal,Raichu+Overqwil+Klefki+Scovillain+Sableye+Blaziken
2026-09-03T20:28:01.964Z,winkado,battle-gen9championsvgc2026regmb-2675169707,pandyzan,1032,1,Oranguru+Avalugg+Camerupt+Torkoal,Lucario+Whimsicott+Pelipper+Basculegion+Garchomp+Dragapult
2026-09-03T20:28:34.100Z,winkado,battle-gen9championsvgc2026regmb-2675169223,s9mmow,1234,0,Oranguru+Avalugg+Camerupt+Torkoal,Charizard+Kingambit+Basculegion+Aerodactyl+Sylveon+Garchomp
2026-09-03T20:28:40.893Z,winkado,battle-gen9championsvgc2026regmb-2675170191,maksimilian123,1132,0,Oranguru+Sinistcha+Camerupt+Torkoal,Mawile+Primarina+Sableye+Flapple+Sceptile+Skarmory
2026-09-03T20:30:45.708Z,winkado,battle-gen9championsvgc2026regmb-2675171212,oijhygf,1052,1,Oranguru+Sinistcha+Camerupt+Torkoal,Tyranitar+Rotom-Wash+Sinistcha-Masterpiece+Incineroar+Lucario+Liepard
2026-09-03T20:31:59.565Z,winkado,battle-gen9championsvgc2026regmb-2675171279,gstarany,1085,1,Oranguru+Sinistcha+Camerupt+Torkoal,Medicham+Whimsicott+Incineroar+Kingambit+Farigiraf+Talonflame
2026-09-03T20:32:29.453Z,winkado,battle-gen9championsvgc2026regmb-2675170958,ddrfunk,1199,0,Oranguru+Avalugg+Camerupt+Torkoal,Vaporeon+Politoed+Heliolisk+Toxicroak+Dragonite+Scovillain
2026-09-03T20:33:20.198Z,winkado,battle-gen9championsvgc2026regmb-2675173143-vxh7pbfiwbhhlw36lee9vk74n590qohpw,orange-juliu2,1150,0,Oranguru+Sinistcha+Camerupt+Torkoal,Venusaur+Pelipper+Charizard+Archaludon+Grimmsnarl+Basculegion
2026-09-03T20:33:50.312Z,winkado,battle-gen9championsvgc2026regmb-2675172891-d9jbk2dmelj7o17pb1rsrwnkbnhc6lmpw,stardust3,1113,0,Oranguru+Sinistcha+Camerupt+Torkoal,Froslass+Weavile+Sneasler+Basculegion+Gallade+Ceruledge
2026-09-03T20:34:21.890Z,winkado,battle-gen9championsvgc2026regmb-2675172289,Lukario871,1190,0,Oranguru+Sinistcha+Camerupt+Torkoal,Tyranitar+Talonflame+Steelix+Sinistcha-Masterpiece+Sneasler+Rotom-Wash
2026-09-03T20:35:43.391Z,winkado,battle-gen9championsvgc2026regmb-2675173555-ek9kxwdy3l87pj5kely3ihsx8jwt9c3pw,Jdsmynwgoainces,1000,0,Oranguru+Sinistcha+Camerupt+Torkoal,Malamar+Grimmsnarl+Sinistcha+Incineroar+Archaludon+Charizard
2026-09-03T20:35:47.561Z,winkado,battle-gen9championsvgc2026regmb-2675173780,ihobjl,1047,1,Oranguru+Sinistcha+Camerupt+Torkoal,Crabominable+Farigiraf+Slowking-Galar+Incineroar+Kingambit+Camerupt
2026-09-03T20:38:16.474Z,winkado,battle-gen9championsvgc2026regmb-2675174782-0ua8x621iljuhs5d8ge76nrccmbvmkkpw,BigTigerWhu,1055,0,Oranguru+Avalugg+Camerupt+Torkoal,Metagross+Floette-Eternal+Talonflame+Hydreigon+Ceruledge+Ninetales-Alola
2026-09-03T20:38:43.385Z,winkado,battle-gen9championsvgc2026regmb-2675174744,bandite,1126,0,Oranguru+Avalugg+Camerupt+Torkoal,Eelektross+Talonflame+Basculegion+Pikachu+Garchomp+Scolipede
2026-09-03T20:38:44.492Z,winkado,battle-gen9championsvgc2026regmb-2675174052,lunaticwolf,1047,0,Oranguru+Avalugg+Camerupt+Torkoal,Metagross+Medicham+Golurk+Kingambit+Floette-Eternal+Basculegion
2026-09-03T20:40:43.638Z,winkado,battle-gen9championsvgc2026regmb-2675175906,twunk user,1042,0,Oranguru+Avalugg+Camerupt+Torkoal,Charizard+Tyranitar+Basculegion+Archaludon+Pelipper+Venusaur
2026-09-03T20:41:29.504Z,winkado,battle-gen9championsvgc2026regmb-2675176157,aydah3370,1038,0,Oranguru+Avalugg+Camerupt+Torkoal,Staraptor+Araquanid+Glimmora+Garchomp+Annihilape+Gholdengo
2026-09-03T20:42:04.270Z,winkado,battle-gen9championsvgc2026regmb-2675177074,Nanaiahsh,1048,0,Oranguru+Sinistcha+Camerupt+Torkoal,Charizard+Venusaur+Milotic+Sneasler+Altaria+Wyrdeer
2026-09-03T20:42:30.836Z,winkado,battle-gen9championsvgc2026regmb-2675176132,capitainecrash,1097,0,Oranguru+Sinistcha+Camerupt+Torkoal,Incineroar+Scovillain+Lycanroc-Dusk+Dragonite+Gholdengo+Basculegion
2026-09-03T20:44:56.124Z,winkado,battle-gen9championsvgc2026regmb-2675177685,EndKey,1078,0,Oranguru+Sinistcha+Camerupt+Torkoal,Morpeko+Talonflame+Tsareena+Excadrill+Blastoise+Sneasler
2026-09-03T20:46:25.661Z,winkado,battle-gen9championsvgc2026regmb-2675177407,KermitKritik,1094,0,Oranguru+Sinistcha+Camerupt+Torkoal,Gengar+Politoed+Arcanine-Hisui+Toxapex+Grimmsnarl+Zoroark-Hisui
2026-09-03T20:47:18.547Z,winkado,battle-gen9championsvgc2026regmb-2675179006,gideon.prager20,1099,1,Oranguru+Avalugg+Camerupt+Torkoal,Staraptor+Charizard+Basculegion+Garchomp+Whimsicott+Sinistcha
2026-09-03T20:48:06.243Z,winkado,battle-gen9championsvgc2026regmb-2675177913,untakenname22,1049,1,Oranguru+Sinistcha+Camerupt+Torkoal,Goodra-Hisui+Audino+Tauros-Paldea-Aqua+Arbok+Grimmsnarl+Toxapex
2026-09-03T20:49:08.697Z,winkado,battle-gen9championsvgc2026regmb-2675180114,Danailloz,1029,1,Oranguru+Sinistcha+Camerupt+Torkoal,Scrafty+Farigiraf+Staraptor+Sinistcha-Masterpiece+Dragalge+Torkoal
2026-09-03T20:51:12.173Z,winkado,battle-gen9championsvgc2026regmb-2675179698-rc5c3btpiygs3fjw6mvv9emh0v6rfsxpw,hjmcfgjmcf,1000,0,Oranguru+Sinistcha+Camerupt+Torkoal,Blaziken+Meowscarada+Gholdengo+Dragonite+Sylveon+Mudsdale
2026-09-03T20:51:12.906Z,winkado,battle-gen9championsvgc2026regmb-2675180552,FiCim007,1144,1,Oranguru+Avalugg+Camerupt+Torkoal,Whimsicott+Palafin+Politoed+Liepard+Kingambit+Metagross
2026-09-03T20:51:29.937Z,winkado,battle-gen9championsvgc2026regmb-2675181963,HospitalityCheck,1051,1,Oranguru+Sinistcha+Camerupt+Torkoal,Metagross+Incineroar+Sinistcha+Whimsicott+Garchomp+Kingambit
2026-09-03T20:52:55.794Z,winkado,battle-gen9championsvgc2026regmb-2675182102,SwaggySwablu,1161,0,Oranguru+Avalugg+Camerupt+Torkoal,Blaziken+Primarina+Torkoal+Kingambit+Venusaur+Farigiraf
2026-09-03T20:53:05.195Z,winkado,battle-gen9championsvgc2026regmb-2675180979,Tuwiki,1206,1,Oranguru+Sinistcha+Camerupt+Torkoal,Staraptor+Raichu+Sneasler+Samurott-Hisui+Whimsicott+Sinistcha
2026-09-03T20:54:02.791Z,winkado,battle-gen9championsvgc2026regmb-2675181940-gvpdym4gwa8n504ptfpyd86wb3wgekupw,santandersal,1205,0,Oranguru+Sinistcha+Camerupt+Torkoal,Camerupt+Farigiraf+Kingambit+Sneasler+Sylveon+Sinistcha-Masterpiece
2026-09-03T20:56:14.116Z,winkado,battle-gen9championsvgc2026regmb-2675182816-op5ga8v2ias9fpfm3auujw69twmvclfpw,overquilled),1230,1,Oranguru+Avalugg+Camerupt+Torkoal,Aerodactyl+Tyranitar+Scovillain+Azumarill+Houndstone+Polteageist-Antique
2026-09-03T20:57:07.895Z,winkado,battle-gen9championsvgc2026regmb-2675182741,c0ld_p0cket,1057,1,Oranguru+Avalugg+Camerupt+Torkoal,Raichu+Pikachu+Espathra+Jolteon+Sceptile+Corviknight
2026-09-03T20:58:24.938Z,winkado,battle-gen9championsvgc2026regmb-2675184713-w91sngim5x5resp9ejiqtrk54ydd6c4pw,Asherhbaron,1247,0,Oranguru+Avalugg+Camerupt+Torkoal,Floette-Eternal+Maushold-Four+Garchomp+Talonflame+Hydreigon+Basculegion
2026-09-03T20:58:53.800Z,winkado,battle-gen9championsvgc2026regmb-2675183285,effff,1040,0,Oranguru+Sinistcha+Camerupt+Torkoal,Annihilape+Whimsicott+Bellibolt+Sceptile+Maushold+Incineroar
2026-09-03T20:59:31.345Z,winkado,battle-gen9championsvgc2026regmb-2675184294,solim kafu,1088,1,Oranguru+Avalugg+Camerupt+Torkoal,Ceruledge+Talonflame+Meowstic+Scovillain+Overqwil+Mudsdale
2026-09-03T21:01:27.378Z,winkado,battle-gen9championsvgc2026regmb-2675185309,tyler12321,1190,0,Oranguru+Sinistcha+Camerupt+Torkoal,Victreebel+Sneasler+Garchomp+Raichu+Corviknight+Rotom-Heat
2026-09-03T21:02:15.709Z,winkado,battle-gen9championsvgc2026regmb-2675185521-bamj6dl8w716688i41num97ookmqmffpw,I0Emerald0I,1074,1,Oranguru+Avalugg+Camerupt+Torkoal,Eelektross+Medicham+Sinistcha-Masterpiece+Tauros+Sceptile+Volcarona
2026-09-03T21:02:23.165Z,winkado,battle-gen9championsvgc2026regmb-2675185818,3Anna,1042,0,Oranguru+Avalugg+Camerupt+Torkoal,Banette+Toxapex+Glimmora+Clefable+Medicham+Basculegion
2026-09-03T21:04:31.726Z,winkado,battle-gen9championsvgc2026regmb-2675187082,toehook,1043,1,Oranguru+Sinistcha+Camerupt+Torkoal,Mawile+Basculegion+Sinistcha+Incineroar+Farigiraf+Froslass
2026-09-03T21:04:51.556Z,winkado,battle-gen9championsvgc2026regmb-2675187029,JAMNED,1043,0,Oranguru+Sinistcha+Camerupt+Torkoal,Metagross+Pelipper+Garchomp+Kangaskhan+Sylveon+Milotic
2026-09-03T21:05:42.434Z,winkado,battle-gen9championsvgc2026regmb-2675186683,Vimith,1171,0,Oranguru+Avalugg+Camerupt+Torkoal,Blastoise+Aerodactyl+Meowstic+Meganium+Espathra+Arcanine-Hisui
2026-09-03T21:07:12.271Z,winkado,battle-gen9championsvgc2026regmb-2675188134,p!ssfart,1067,1,Oranguru+Sinistcha+Camerupt+Torkoal,Metagross+Kommo-o+Weavile+Grimmsnarl+Rotom-Wash+Gardevoir
2026-09-03T21:08:58.662Z,winkado,battle-gen9championsvgc2026regmb-2675188211,CellieMay522,1000,1,Oranguru+Avalugg+Camerupt+Torkoal,Slowking-Galar+Maushold-Four+Crabominable+Froslass+Toxapex+Ditto
2026-09-03T21:09:19.215Z,winkado,battle-gen9championsvgc2026regmb-2675189243,Dibiya,1216,0,Oranguru+Avalugg+Camerupt+Torkoal,Scovillain+Araquanid+Lycanroc-Dusk+Sylveon+Hydreigon+Gholdengo
2026-09-03T21:09:56.578Z,winkado,battle-gen9championsvgc2026regmb-2675188624-hmcyghiu94702f625161lbjeci3mjoipw,gabrlk,1044,1,Oranguru+Avalugg+Camerupt+Torkoal,Sceptile+Tsareena+Chesnaught+Decidueye-Hisui+Torterra+Whimsicott
2026-09-03T21:11:55.527Z,winkado,battle-gen9championsvgc2026regmb-2675190139,sadlybad2025,1060,1,Oranguru+Sinistcha+Camerupt+Torkoal,Malamar+Gholdengo+Delphox+Whimsicott+Annihilape+Sneasler
2026-09-03T21:12:03.868Z,winkado,battle-gen9championsvgc2026regmb-2675190555-xgsvy7hvcnujq5lvv62qplp7fqjb35vpw,CHARIZARDMAGE,1101,1,Oranguru+Avalugg+Camerupt+Torkoal,Snorlax+Hawlucha+Sinistcha+Basculegion+Archaludon+Pelipper
2026-09-03T21:12:42.148Z,winkado,battle-gen9championsvgc2026regmb-2675190320,arfz1234,1000,0,Oranguru+Sinistcha+Camerupt+Torkoal,Blastoise+Delphox+Sinistcha-Masterpiece+Sneasler+Kingambit+Incineroar
2026-09-03T21:15:12.402Z,winkado,battle-gen9championsvgc2026regmb-2675191811-x3wvrgw7l9ilwwfqdk7scbsgle7un5kpw,matt220798,1236,0,Oranguru+Avalugg+Camerupt+Torkoal,Farigiraf+Arcanine-Hisui+Sylveon+Staraptor+Raichu+Kingambit
2026-09-03T21:16:45.991Z,winkado,battle-gen9championsvgc2026regmb-2675191526,Pentalys,1091,0,Oranguru+Avalugg+Camerupt+Torkoal,Mawile+Aerodactyl+Farigiraf+Garchomp+Blastoise+Sylveon
2026-09-03T21:17:50.568Z,winkado,battle-gen9championsvgc2026regmb-2675191480,phaazemaster,1090,0,Oranguru+Sinistcha+Camerupt+Torkoal,Raichu+Grimmsnarl+Staraptor+Sinistcha-Masterpiece+Gyarados+Araquanid
2026-09-03T21:18:31.731Z,winkado,battle-gen9championsvgc2026regmb-2675192986,Dusk_Lynx44,1028,0,Oranguru+Avalugg+Camerupt+Torkoal,Mawile+Meowstic+Zoroark-Hisui+Garchomp+Aerodactyl+Toxapex
2026-09-03T21:19:19.868Z,winkado,battle-gen9championsvgc2026regmb-2675193694,BlueWizzY,1031,1,Oranguru+Sinistcha+Camerupt+Torkoal,Raichu+Arcanine-Hisui+Ninetales-Alola+Sneasler+Gholdengo+Corviknight
2026-09-03T21:19:45.882Z,winkado,battle-gen9championsvgc2026regmb-2675194448-d4wuyfligvb9jdh9rluia9vbrm6v1y8pw,flame_uchihabr,1054,1,Oranguru+Sinistcha+Camerupt+Torkoal,Feraligatr+Glimmora+Talonflame+Sneasler+Scrafty+Sinistcha
2026-09-03T21:21:04.516Z,winkado,battle-gen9championsvgc2026regmb-2675194144,PopStOff,1067,1,Oranguru+Sinistcha+Camerupt+Torkoal,Zoroark-Hisui+Meowscarada+Dragapult+Gholdengo+Sinistcha+Gallade
2026-09-03T21:21:40.222Z,winkado,battle-gen9championsvgc2026regmb-2675194790,Bigblueb,1156,0,Oranguru+Sinistcha+Camerupt+Torkoal,Staraptor+Grimmsnarl+Sinistcha-Masterpiece+Incineroar+Aerodactyl+Garchomp
2026-09-03T21:23:28.122Z,winkado,battle-gen9championsvgc2026regmb-2675195628-hc59iw82kxr5mdq2o9a57wt1pss0t08pw,Strelok19,1204,0,Oranguru+Avalugg+Camerupt+Torkoal,Staraptor+Whimsicott+Delphox+Sinistcha+Garchomp+Sylveon
2026-09-03T21:23:46.990Z,winkado,battle-gen9championsvgc2026regmb-2675195893,nulce,1183,1,Oranguru+Sinistcha+Camerupt+Torkoal,Rotom-Frost+Garchomp+Froslass+Kingambit+Whimsicott+Sneasler
2026-09-03T21:23:51.692Z,winkado,battle-gen9championsvgc2026regmb-2675195014,Greedy Guts,1159,0,Oranguru+Sinistcha+Camerupt+Torkoal,Glalie+Swampert+Ninetales-Alola+Aerodactyl+Sneasler+Kingambit
2026-09-03T21:25:26.738Z,winkado,battle-gen9championsvgc2026regmb-2675196865,FellowIntello,1053,1,Oranguru+Avalugg+Camerupt+Torkoal,Pelipper+Scizor+Tyranitar+Garchomp+Corviknight+Jolteon
2026-09-03T21:26:17.839Z,winkado,battle-gen9championsvgc2026regmb-2675196681,poki090,1015,0,Oranguru+Avalugg+Camerupt+Torkoal,Heliolisk+Toxicroak+Empoleon+Pelipper+Vaporeon+Araquanid
2026-09-03T21:26:33.158Z,winkado,battle-gen9championsvgc2026regmb-2675196851,griffyguy,1229,1,Oranguru+Avalugg+Camerupt+Torkoal,Banette+Hatterene+Emboar+Weavile+Farigiraf+Maushold
2026-09-03T21:27:22.887Z,winkado,battle-gen9championsvgc2026regmb-2675197552,PVPlover,1081,1,Oranguru+Sinistcha+Camerupt+Torkoal,Pyroar+Floette-Eternal+Farigiraf+Sneasler+Garchomp+Kingambit
2026-09-03T21:29:45.489Z,winkado,battle-gen9championsvgc2026regmb-2675198024-7gayyeih9swns529p8l3ry373vqhbijpw,Biffins,1032,1,Oranguru+Sinistcha+Camerupt+Torkoal,Diggersby+Vivillon-Ocean+Espathra+Manectric+Alakazam+Meowscarada
2026-09-03T21:30:29.858Z,winkado,battle-gen9championsvgc2026regmb-2675197886,leo_overside,1076,0,Oranguru+Sinistcha+Camerupt+Torkoal,Eelektross+Whimsicott+Samurott-Hisui+Incineroar+Metagross+Garchomp
2026-09-03T21:30:41.749Z,winkado,battle-gen9championsvgc2026regmb-2675198356,Gerard8901,1085,0,Oranguru+Avalugg+Camerupt+Torkoal,Garchomp+Kommo-o+Sinistcha+Mawile+Armarouge+Milotic
2026-09-03T21:32:09.569Z,winkado,battle-gen9championsvgc2026regmb-2675199443,masked rider kiva,1252,0,Oranguru+Sinistcha+Camerupt+Torkoal,Aerodactyl+Garchomp+Tyranitar+Farigiraf+Aegislash+Kangaskhan
2026-09-03T21:32:50.991Z,winkado,battle-gen9championsvgc2026regmb-2675199853,Greedy Guts,1162,1,Oranguru+Sinistcha+Camerupt+Torkoal,Glalie+Swampert+Ninetales-Alola+Aerodactyl+Sneasler+Kingambit
2026-09-03T21:33:48.451Z,winkado,battle-gen9championsvgc2026regmb-2675200448,Amy Pyre,1151,1,Oranguru+Sinistcha+Camerupt+Torkoal,Froslass+Scovillain+Lycanroc-Dusk+Basculegion+Kingambit+Sneasler
2026-09-03T21:34:18.324Z,winkado,battle-gen9championsvgc2026regmb-2675199817,Sorch_awc,1196,0,Oranguru+Avalugg+Camerupt+Torkoal,Tyranitar+Farigiraf+Torkoal+Sylveon+Basculegion+Sinistcha
2026-09-03T21:35:29.851Z,winkado,battle-gen9championsvgc2026regmb-2675201370-d38ykcynltmxw1tlji6lwpgo8swufpvpw,luxeher,1218,1,Oranguru+Avalugg+Camerupt+Torkoal,Charizard+Whimsicott+Kingambit+Basculegion+Garchomp+Glimmora
2026-09-03T21:35:44.518Z,winkado,battle-gen9championsvgc2026regmb-2675200752,Jaxenam,1103,1,Oranguru+Avalugg+Camerupt+Torkoal,Falinks+Hawlucha+Blaziken+Basculegion+Goodra-Hisui+Overqwil
2026-09-03T21:37:07.968Z,winkado,battle-gen9championsvgc2026regmb-2675201906,DAWat2529,1246,1,Oranguru+Avalugg+Camerupt+Torkoal,Eelektross+Talonflame+Garchomp+Tsareena+Tyranitar+Excadrill
2026-09-03T21:38:30.108Z,winkado,battle-gen9championsvgc2026regmb-2675202020,jirwin,1195,1,Oranguru+Sinistcha+Camerupt+Torkoal,Dragalge+Staraptor+Golurk+Incineroar+Sinistcha-Masterpiece+Drampa
2026-09-03T21:39:19.191Z,winkado,battle-gen9championsvgc2026regmb-2675202617-vkukkelp3boflqaaq57gs7f5td2gglcpw,matt220798,1260,1,Oranguru+Avalugg+Camerupt+Torkoal,Farigiraf+Arcanine-Hisui+Sylveon+Staraptor+Raichu+Kingambit
2026-09-03T21:39:25.390Z,winkado,battle-gen9championsvgc2026regmb-2675201185,ttars,1205,0,Oranguru+Sinistcha+Camerupt+Torkoal,Charizard+Garchomp+Scrafty+Sinistcha+Toxapex+Kingambit
2026-09-03T21:42:31.362Z,winkado,battle-gen9championsvgc2026regmb-2675203189,UrrLukk,1181,0,Oranguru+Avalugg+Camerupt+Torkoal,Charizard+Whimsicott+Garchomp+Floette-Eternal+Basculegion+Kingambit
2026-09-03T21:43:00.865Z,winkado,battle-gen9championsvgc2026regmb-2675203539,Tenjay,1294,0,Oranguru+Avalugg+Camerupt+Torkoal,Gengar+Politoed+Archaludon+Swampert+Sinistcha+Annihilape
2026-09-03T21:43:31.495Z,winkado,battle-gen9championsvgc2026regmb-2675203589,eliseu7789,1135,1,Oranguru+Sinistcha+Camerupt+Torkoal,Metagross+Farigiraf+Incineroar+Mawile+Sylveon+Torkoal
2026-09-03T21:44:45.077Z,winkado,battle-gen9championsvgc2026regmb-2675205327,zack 2,1181,1,Oranguru+Sinistcha+Camerupt+Torkoal,Bellibolt+Grimmsnarl+Charizard+Pelipper+Swampert+Sinistcha-Masterpiece
2026-09-03T21:46:16.798Z,winkado,battle-gen9championsvgc2026regmb-2675204876,koa1014,1129,1,Oranguru+Sinistcha+Camerupt+Torkoal,Incineroar+Clefable+Gengar+Sableye+Politoed+Archaludon
2026-09-03T21:46:30.690Z,winkado,battle-gen9championsvgc2026regmb-2675205081-9x21yh0jx95c3nwh1ojyqq6h4qmhomgpw,jkjkjlj,1163,0,Oranguru+Avalugg+Camerupt+Torkoal,Golurk+Farigiraf+Torkoal+Aerodactyl+Raichu+Malamar
2026-09-03T21:50:13.523Z,winkado,battle-gen9championsvgc2026regmb-2675206593,srglass,1165,0,Oranguru+Sinistcha+Camerupt+Torkoal,Espathra+Sneasler+Archaludon+Politoed+Scovillain+Dragonite
2026-09-03T21:50:32.522Z,winkado,battle-gen9championsvgc2026regmb-2675206618,daviredsky,1193,0,Oranguru+Avalugg+Camerupt+Torkoal,Annihilape+Whimsicott+Hydreigon+Metagross+Raichu+Milotic
2026-09-03T21:54:05.430Z,winkado,battle-gen9championsvgc2026regmb-2675208352,tecgiant,1168,0,Oranguru+Avalugg+Camerupt+Torkoal,Pyroar+Torkoal+Farigiraf+Vileplume+Swampert+Barbaracle
2026-09-03T23:22:43.597Z,winkado,battle-gen9championsvgc2026regmb-2675245163,fakeocean,1019,0,Oranguru+Avalugg+Camerupt+Torkoal,Charizard+Garchomp+Basculegion+Whimsicott+Kingambit+Floette-Eternal
2026-09-03T23:24:07.739Z,winkado,battle-gen9championsvgc2026regmb-2675245181,tabuuuuuu,1034,1,Oranguru+Sinistcha+Camerupt+Torkoal,Mawile+Maushold+Runerigus+Sinistcha+Farigiraf+Incineroar
2026-09-03T23:26:01.589Z,winkado,battle-gen9championsvgc2026regmb-2675245204,Jmoto,1019,0,Oranguru+Sinistcha+Camerupt+Torkoal,Charizard+Aerodactyl+Garchomp+Kingambit+Sylveon+Incineroar
2026-09-03T23:26:18.322Z,winkado,battle-gen9championsvgc2026regmb-2675246826,HospitalityCheck,1100,1,Oranguru+Sinistcha+Camerupt+Torkoal,Metagross+Incineroar+Sinistcha+Whimsicott+Garchomp+Kingambit
2026-09-03T23:28:54.097Z,winkado,battle-gen9championsvgc2026regmb-2675247026-aqlkos53eok6ulct66kxn2qu5ayk7jupw,colinniloc13,1143,1,Oranguru+Sinistcha+Camerupt+Torkoal,Archaludon+Pelipper+Grimmsnarl+Mawile+Scovillain+Farigiraf
2026-09-03T23:30:20.230Z,winkado,battle-gen9championsvgc2026regmb-2675246992,Jerry124354,1000,1,Oranguru+Avalugg+Camerupt+Torkoal,Starmie+Dragapult+Ditto+Maushold+Quaquaval+Sinistcha-Masterpiece
2026-09-03T23:30:45.339Z,winkado,battle-gen9championsvgc2026regmb-2675247013,Ckoqee,1045,0,Oranguru+Sinistcha+Camerupt+Torkoal,Garchomp+Charizard+Whimsicott+Archaludon+Sneasler+Basculegion
2026-09-03T23:32:13.191Z,winkado,battle-gen9championsvgc2026regmb-2675248684,jflksjfls,1025,0,Oranguru+Sinistcha+Camerupt+Torkoal,Mawile+Aerodactyl+Mamoswine+Charizard+Kommo-o+Sneasler
2026-09-03T23:32:43.152Z,winkado,battle-gen9championsvgc2026regmb-2675248679-fr27i5tqbst7btmi87dowsukyoru16hpw,HitchandBoes,1072,0,Oranguru+Sinistcha+Camerupt+Torkoal,Beedrill+Farigiraf+Garchomp+Incineroar+Kingambit+Raichu
2026-09-03T23:33:23.833Z,winkado,battle-gen9championsvgc2026regmb-2675248669,iezick,1000,1,Oranguru+Sinistcha+Camerupt+Torkoal,Sinistcha+Incineroar+Froslass+Gengar+Pelipper+Archaludon
2026-09-03T23:38:21.923Z,winkado,battle-gen9championsvgc2026regmb-2675249681,Zoeybear,1000,0,Oranguru+Avalugg+Camerupt+Torkoal,Toxapex+Sinistcha+Aggron+Milotic+Eelektross+Pelipper
2026-09-03T23:39:48.172Z,winkado,battle-gen9championsvgc2026regmb-2675251590,UnovAgenda,1017,0,Oranguru+Avalugg+Camerupt+Torkoal,Basculegion+Kingambit+Samurott-Hisui+Whimsicott+Froslass+Alakazam
2026-09-03T23:43:45.083Z,winkado,battle-gen9championsvgc2026regmb-2675252124,GeekNaut,1000,0,Oranguru+Sinistcha+Camerupt+Torkoal,Dragapult+Gardevoir+Greninja+Incineroar+Garchomp+Aegislash
2026-09-03T23:44:06.596Z,winkado,battle-gen9championsvgc2026regmb-2675252139-gyo7qcva9jvwd8xj3j6149biy0pe1t8pw,ccolombo00,1014,0,Oranguru+Sinistcha+Camerupt+Torkoal,Basculegion+Pelipper+Sneasler+Incineroar+Swampert+Sinistcha
2026-09-03T23:46:31.173Z,winkado,battle-gen9championsvgc2026regmb-2675252151,intercharismatic,1000,1,Oranguru+Avalugg+Camerupt+Torkoal,Aromatisse+Banette+Torkoal+Vanilluxe+Machamp+Snorlax
2026-09-03T23:49:45.348Z,winkado,battle-gen9championsvgc2026regmb-2675254767-kth4leyjnt75amjontilte99c7vx85vpw,AAoiyama,1128,1,Oranguru+Sinistcha+Camerupt+Torkoal,Steelix+Tyranitar+Sinistcha+Rotom-Wash+Sneasler+Talonflame
2026-09-03T23:50:52.076Z,winkado,battle-gen9championsvgc2026regmb-2675254757,omygosh11,1000,0,Oranguru+Sinistcha+Camerupt+Torkoal,Whimsicott+Gyarados+Sneasler+Dragapult+Gholdengo+Farigiraf
2026-09-03T23:52:31.732Z,winkado,battle-gen9championsvgc2026regmb-2675256366,StinkyTroglodyte,1028,0,Oranguru+Avalugg+Camerupt+Torkoal,Lucario+Kleavor+Farigiraf+Whimsicott+Raichu+Samurott-Hisui
2026-09-03T23:54:59.182Z,winkado,battle-gen9championsvgc2026regmb-2675257059,taekwonjoe,1062,0,Oranguru+Avalugg+Camerupt+Torkoal,Whimsicott+Milotic+Garchomp+Tyranitar+Delphox+Dragonite
2026-09-03T23:56:22.117Z,winkado,battle-gen9championsvgc2026regmb-2675257044,Nyktos2,1060,0,Oranguru+Sinistcha+Camerupt+Torkoal,Mawile+Incineroar+Sinistcha+Swampert+Pelipper+Kommo-o
2026-09-04T00:00:11.429Z,winkado,battle-gen9championsvgc2026regmb-2675258561,krakencoldones,1000,0,Oranguru+Sinistcha+Camerupt+Torkoal,Runerigus+Medicham+Torkoal+Mawile+Gyarados+Incineroar
2026-09-04T00:00:14.572Z,winkado,battle-gen9championsvgc2026regmb-2675258544,beware262005,1005,0,Oranguru+Sinistcha+Camerupt+Torkoal,Charizard+Basculegion+Whimsicott+Pelipper+Archaludon+Grimmsnarl
2026-09-04T00:04:15.199Z,winkado,battle-gen9championsvgc2026regmb-2675260039,lukinhas13,1066,1,Oranguru+Sinistcha+Camerupt+Torkoal,Dragapult+Sneasler+Luxray+Basculegion+Whimsicott+Charizard
2026-09-04T00:04:30.391Z,winkado,battle-gen9championsvgc2026regmb-2675260023,Mkiaz,1050,0,Oranguru+Sinistcha+Camerupt+Torkoal,Meganium+Maushold-Four+Toxapex+Tyranitar+Incineroar+Grimmsnarl
2026-09-04T00:07:29.575Z,winkado,battle-gen9championsvgc2026regmb-2675261610,chonkichu,1005,1,Oranguru+Avalugg+Camerupt+Torkoal,Politoed+Dragonite+Meowstic+Gardevoir+Flareon+Tauros-Paldea-Combat
2026-09-04T00:07:39.563Z,winkado,battle-gen9championsvgc2026regmb-2675261652,deviousdonut,1136,1,Oranguru+Avalugg+Camerupt+Torkoal,Gholdengo+Staraptor+Tyranitar+Farigiraf+Whimsicott+Excadrill
2026-09-04T00:07:47.314Z,winkado,battle-gen9championsvgc2026regmb-2675261633-9wlvgatyhsl9vtkyj7qw9v73sy6o5hdpw,jdosownsbsh,1000,1,Oranguru+Sinistcha+Camerupt+Torkoal,Sylveon+Garchomp+Charizard+Incineroar+Aerodactyl+Kingambit
2026-09-04T00:09:40.905Z,winkado,battle-gen9championsvgc2026regmb-2675262971,adritornillosvgc,1117,0,Oranguru+Sinistcha+Camerupt+Torkoal,Froslass+Basculegion+Sneasler+Metagross+Incineroar+Aerodactyl
2026-09-04T00:13:28.456Z,winkado,battle-gen9championsvgc2026regmb-2675263671,BingusVGC,1000,1,Oranguru+Avalugg+Camerupt+Torkoal,Farigiraf+Heracross+Kingambit+Staraptor+Whimsicott+Slowking-Galar
2026-09-04T00:15:42.470Z,winkado,battle-gen9championsvgc2026regmb-2675265113,Tickz,1168,0,Oranguru+Sinistcha+Camerupt+Torkoal,Tyranitar+Excadrill+Gholdengo+Milotic+Sinistcha-Masterpiece+Incineroar
2026-09-04T00:17:14.514Z,winkado,battle-gen9championsvgc2026regmb-2675265122,roizin,1106,0,Oranguru+Avalugg+Camerupt+Torkoal,Crabominable+Slowking-Galar+Malamar+Armarouge+Farigiraf+Basculegion
2026-09-04T00:19:35.895Z,winkado,battle-gen9championsvgc2026regmb-2675265143,SamiRain,1032,0,Oranguru+Sinistcha+Camerupt+Torkoal,Raichu+Froslass+Sneasler+Basculegion+Arcanine-Hisui+Grimmsnarl
2026-09-04T00:26:36.263Z,winkado,battle-gen9championsvgc2026regmb-2675268582-13nfgldd8lchrqnymrd8271jf1yu8jnpw,divancie,1135,0,Oranguru+Avalugg+Torkoal+Ampharos,Kingambit+Milotic+Ninetales-Alola+Metagross+Annihilape+Wyrdeer,team_chal_1788481321881.json
2026-09-04T00:34:49.477Z,winkado,battle-gen9championsvgc2026regmb-2675273558-8vprttvadd737qk6c2rq2hl9bciv8khpw,Showder,1000,1,Oranguru+Sinistcha+Torkoal+Ampharos,Gyarados+Farigiraf+Sinistcha-Masterpiece+Garchomp+Metagross+Sneasler,team_trickroom_v8.json
2026-09-04T00:38:12.498Z,winkado,battle-gen9championsvgc2026regmb-2675273627,Akwam,1000,0,Oranguru+Sinistcha+Torkoal+Ampharos,Gengar+Luxray+Kleavor+Orthworm+Aurorus+Grimmsnarl,team_trickroom_v8.json
2026-09-04T00:38:26.436Z,winkado,battle-gen9championsvgc2026regmb-2675273608,gundham tinuk,1075,0,Oranguru+Sinistcha+Torkoal+Ampharos,Aerodactyl+Kingambit+Sylveon+Garchomp+Sinistcha+Incineroar,team_chal_1788482082984.json
2026-09-04T00:43:06.515Z,winkado,battle-gen9championsvgc2026regmb-2675275028,M4sterkarma,1101,0,Oranguru+Avalugg+Torkoal+Ampharos,Basculegion+Kingambit+Floette-Eternal+Whimsicott+Farigiraf+Camerupt,team_chal_1788482082984.json
2026-09-04T00:48:55.698Z,winkado,battle-gen9championsvgc2026regmb-2675276834,Itzbhh,1000,0,Oranguru+Sinistcha+Torkoal+Ampharos,Sneasler+Tyranitar+Excadrill+Sinistcha+Annihilape+Abomasnow,team_chal_1788482082984.json
2026-09-04T00:49:26.148Z,winkado,battle-gen9championsvgc2026regmb-2675279178,HospitalityCheck,1079,0,Oranguru+Sinistcha+Torkoal+Ampharos,Metagross+Incineroar+Sinistcha+Whimsicott+Garchomp+Kingambit,team_chal_1788482082984.json
2026-09-04T00:51:58.336Z,winkado,battle-gen9championsvgc2026regmb-2675279337,gundham tinuk,1059,0,Oranguru+Avalugg+Torkoal+Ampharos,Tyranitar+Excadrill+Milotic+Sinistcha+Staraptor+Gholdengo,team_chal_1788482082984.json
2026-09-04T00:54:13.408Z,winkado,battle-gen9championsvgc2026regmb-2675280271-5xh01fk736wy59s2oneflym5g5ec07tpw,Dnnsjndndnndd,1000,0,Oranguru+Avalugg+Torkoal+Ampharos,Raichu+Farigiraf+Aerodactyl+Torkoal+Garchomp+Primarina,team_chal_1788482082984.json
2026-09-04T00:56:38.446Z,winkado,battle-gen9championsvgc2026regmb-2675281078,ruddtjjdtktkdt,1060,1,Oranguru+Avalugg+Torkoal+Ampharos,Infernape+Sceptile+Zoroark-Hisui+Scizor+Rotom-Wash+Klefki,team_chal_1788482082984.json
2026-09-04T00:56:58.495Z,winkado,battle-gen9championsvgc2026regmb-2675281957,HospitalityCheck,1087,1,Oranguru+Sinistcha+Torkoal+Ampharos,Metagross+Incineroar+Sinistcha+Whimsicott+Garchomp+Kingambit,team_chal_1788482082984.json
2026-09-04T00:59:43.382Z,winkado,battle-gen9championsvgc2026regmb-2675282100,thepoop213,1076,0,Oranguru+Avalugg+Torkoal+Ampharos,Dragapult+Lucario+Alakazam+Vivillon+Arcanine-Hisui+Primarina,team_chal_1788482082984.json
2026-09-04T01:01:56.519Z,winkado,battle-gen9championsvgc2026regmb-2675283212,BiCyn,1000,1,Oranguru+Avalugg+Torkoal+Ampharos,Glalie+Hawlucha+Noivern+Mudsdale+Oranguru+Liepard,team_chal_1788482082984.json
2026-09-04T01:03:06.966Z,winkado,battle-gen9championsvgc2026regmb-2675283229-s7pfqdojumb52qmyybjn2enhxqixvmopw,muchachi_munyanyo,1032,0,Oranguru+Sinistcha+Torkoal+Ampharos,Garchomp+Sneasler+Orthworm+Greninja+Sinistcha+Zoroark-Hisui,team_trickroom_v8.json
2026-09-04T01:06:25.216Z,winkado,battle-gen9championsvgc2026regmb-2675284459,adamskorch,1044,0,Oranguru+Avalugg+Torkoal+Ampharos,Staraptor+Garchomp+Whimsicott+Delphox+Glimmora+Kingambit,team_chal_1788482082984.json
2026-09-04T01:06:47.469Z,winkado,battle-gen9championsvgc2026regmb-2675285744,HospitalityCheck,1013,0,Oranguru+Sinistcha+Torkoal+Ampharos,Metagross+Incineroar+Sinistcha+Whimsicott+Garchomp+Kingambit,team_chal_1788482082984.json
2026-09-04T01:10:17.085Z,winkado,battle-gen9championsvgc2026regmb-2675285759-vadjyq3ojuwfrow6pgkg9b9edyt46iapw,nachito z,1000,0,Oranguru+Sinistcha+Torkoal+Ampharos,Glimmora+Scovillain+Toxapex+Sinistcha+Umbreon+Incineroar,team_trickroom_v8.json
2026-09-04T01:12:45.535Z,winkado,battle-gen9championsvgc2026regmb-2675287177,Gkeksjavxvf,1000,0,Oranguru+Avalugg+Torkoal+Ampharos,Houndoom+Torkoal+Farigiraf+Sylveon+Garchomp+Basculegion,team_chal_1788482082984.json
2026-09-04T01:13:14.205Z,winkado,battle-gen9championsvgc2026regmb-2675287192-bglvl1gc6hr1nwgn5wog4wfjxx4d3vkpw,MegaIncineroarX,1000,0,Oranguru+Sinistcha+Torkoal+Ampharos,Sylveon+Kingambit+Incineroar+Aerodactyl+Garchomp+Charizard,team_trickroom_v8.json
2026-09-04T01:16:28.308Z,winkado,battle-gen9championsvgc2026regmb-2675288351,PakaShin519,1019,1,Oranguru+Sinistcha+Torkoal+Ampharos,Greninja+Scrafty+Talonflame+Infernape+Sceptile+Krookodile,team_chal_1788482082984.json
2026-09-04T01:16:48.987Z,winkado,battle-gen9championsvgc2026regmb-2675288368,theadonia,1006,0,Oranguru+Avalugg+Torkoal+Ampharos,Staraptor+Serperior+Whimsicott+Jolteon+Talonflame+Milotic,team_trickroom_v8.json
2026-09-04T01:19:28.011Z,winkado,battle-gen9championsvgc2026regmb-2675289739,Smizzo,1045,1,Oranguru+Avalugg+Torkoal+Ampharos,Archaludon+Salazzle+Meowstic-F+Tsareena+Pelipper+Scolipede,team_trickroom_v8.json
2026-09-04T01:19:46.342Z,winkado,battle-gen9championsvgc2026regmb-2675289725,dontcarejustplay,1104,0,Oranguru+Avalugg+Torkoal+Ampharos,Milotic+Maushold-Four+Raichu+Gallade+Weavile+Gholdengo,team_chal_1788482082984.json
2026-09-04T01:23:34.066Z,winkado,battle-gen9championsvgc2026regmb-2675290922-eg0e84h6m43jtjkj4jy5kqxl4d3gutjpw,EmperorX516,1035,0,Oranguru+Avalugg+Torkoal+Ampharos,Tyranitar+Excadrill+Garchomp+Corviknight+Kingambit+Whimsicott,team_chal_1788482082984.json
2026-09-04T01:27:13.957Z,winkado,battle-gen9championsvgc2026regmb-2675292327,pichaco,1067,1,Oranguru+Avalugg+Torkoal+Ampharos,Charizard+Garchomp+Whimsicott+Kingambit+Basculegion+Sinistcha,team_chal_1788482082984.json
2026-09-04T01:30:13.690Z,winkado,battle-gen9championsvgc2026regmb-2675292344,oscarmachacador,1101,0,Oranguru+Sinistcha+Torkoal+Ampharos,Ampharos+Archaludon+Pelipper+Sneasler+Kleavor+Sinistcha,team_trickroom_v8.json
2026-09-04T01:32:57.341Z,winkado,battle-gen9championsvgc2026regmb-2675294927-1t4ftgedcg44uw2vhurw198hg5cl2jjpw,jnvjewvn,1008,1,Oranguru+Avalugg+Torkoal+Ampharos,Gallade+Talonflame+Mawile+Feraligatr+Farigiraf+Torkoal,team_trickroom_v8.json
2026-09-04T01:36:01.406Z,winkado,battle-gen9championsvgc2026regmb-2675294909-aialephti4lbr8rtx4aksc4ge9pcw4upw,protobaX,1122,0,Oranguru+Sinistcha+Torkoal+Ampharos,Morpeko+Charizard+Milotic+Sneasler+Whimsicott+Kingambit,team_chal_1788482082984.json
